sphere,raw_score,sum_all_positive_scores,cap_threshold,cap_value,expected_final_score,actual_final_score,expected_capped,actual_dominance_capped,cap_contribution_id,status
thinking_speech_learning,5.4399,100.3252,0.65,65.2114,5.4399,5.4399,False,False,,ok
work_status_achievement,15.7353,100.3252,0.65,65.2114,15.7353,15.7353,False,False,,ok
relationships_partnership,12.0356,100.3252,0.65,65.2114,12.0356,12.0356,False,False,,ok
money_security_resources,12.8286,100.3252,0.65,65.2114,12.8286,12.8286,False,False,,ok
body_energy_health,14.5427,100.3252,0.65,65.2114,14.5427,14.5427,False,False,,ok
home_family_roots,8.7557,100.3252,0.65,65.2114,8.7557,8.7557,False,False,,ok
inner_background_unconscious,12.6233,100.3252,0.65,65.2114,12.6233,12.6233,False,False,,ok
crisis_transformation_control,12.557,100.3252,0.65,65.2114,12.557,12.557,False,False,,ok
meaning_expansion_vector,5.8071,100.3252,0.65,65.2114,5.8071,5.8071,False,False,,ok
